YearsExperience,Age
0.9042553191489361,0.8823529411764706
0.4042553191489362,0.23529411764705865
0.7553191489361701,0.6470588235294117
0.44680851063829785,0.3529411764705881
0.22340425531914898,0.1352941176470588
0.2765957446808511,0.15294117647058836
